-- Migration: 003_sample_data.sql
-- Description: Insert sample data for testing the Scheduler system
-- Compatible with: PostgreSQL/Neon

-- Insert sample organizations
insert into organizations (organization_id, name) values
('00000000-0000-0000-0000-000000000001', 'Bright Minds Tutoring'),
('00000000-0000-0000-0000-000000000002', 'Excellence Academy');

-- Insert sample users
insert into users (user_id, org_id, role, first_name, last_name, phone_number, email) values
-- Bright Minds Tutoring users
(
	'10000000-0000-0000-0000-000000000001',
	'00000000-0000-0000-0000-000000000001',
	'admin',
	'Abigail',
	'Johnson',
	'555-0101',
	'abigail@brightminds.com'
),
(
	'10000000-0000-0000-0000-000000000002',
	'00000000-0000-0000-0000-000000000001',
	'tutor',
	'Sarah',
	'Williams',
	'555-0102',
	'sarah@brightminds.com'
),
(
	'10000000-0000-0000-0000-000000000003',
	'00000000-0000-0000-0000-000000000001',
	'tutor',
	'Michael',
	'Davis',
	'555-0103',
	'michael@brightminds.com'
),
(
	'10000000-0000-0000-0000-000000000004',
	'00000000-0000-0000-0000-000000000001',
	'student',
	'Emma',
	'Brown',
	'555-0104',
	'emma.brown@email.com'
),
(
	'10000000-0000-0000-0000-000000000005',
	'00000000-0000-0000-0000-000000000001',
	'student',
	'James',
	'Wilson',
	'555-0105',
	'james.wilson@email.com'
),
(
	'10000000-0000-0000-0000-000000000006',
	'00000000-0000-0000-0000-000000000001',
	'student',
	'Olivia',
	'Garcia',
	'555-0106',
	'olivia.garcia@email.com'
),

-- Excellence Academy users
(
	'20000000-0000-0000-0000-000000000001',
	'00000000-0000-0000-0000-000000000002',
	'admin',
	'Robert',
	'Smith',
	'555-0201',
	'robert@excellence.com'
),
(
	'20000000-0000-0000-0000-000000000002',
	'00000000-0000-0000-0000-000000000002',
	'tutor',
	'Jennifer',
	'Lee',
	'555-0202',
	'jennifer@excellence.com'
),
(
	'20000000-0000-0000-0000-000000000003',
	'00000000-0000-0000-0000-000000000002',
	'student',
	'David',
	'Martinez',
	'555-0203',
	'david.martinez@email.com'
);

-- Insert sample courses
insert into courses (course_id, org_id, course_name, course_description, start_at, end_at, interval, frequency) values
(
	'30000000-0000-0000-0000-000000000001',
	'00000000-0000-0000-0000-000000000001',
	'Algebra I',
	'Introduction to algebraic concepts and problem solving',
	'2025-01-15 09:00:00-08',
	'2025-06-15 17:00:00-08',
	'week',
	2
),
(
	'30000000-0000-0000-0000-000000000002',
	'00000000-0000-0000-0000-000000000001',
	'Geometry',
	'Geometric shapes, theorems, and proofs',
	'2025-01-15 09:00:00-08',
	'2025-06-15 17:00:00-08',
	'week',
	1
),
(
	'30000000-0000-0000-0000-000000000003',
	'00000000-0000-0000-0000-000000000001',
	'SAT Prep',
	'Comprehensive SAT preparation course',
	'2025-02-01 09:00:00-08',
	'2025-05-01 17:00:00-08',
	'week',
	1
),
(
	'30000000-0000-0000-0000-000000000004',
	'00000000-0000-0000-0000-000000000002',
	'Calculus AB',
	'Advanced placement calculus course',
	'2025-01-20 09:00:00-08',
	'2025-06-20 17:00:00-08',
	'week',
	3
);

-- Insert user-course relationships
insert into user_courses (user_id, course_id, status) values
-- Algebra I enrollments
('10000000-0000-0000-0000-000000000002', '30000000-0000-0000-0000-000000000001', 'active'), -- Sarah (tutor)
('10000000-0000-0000-0000-000000000004', '30000000-0000-0000-0000-000000000001', 'active'), -- Emma (student)
('10000000-0000-0000-0000-000000000005', '30000000-0000-0000-0000-000000000001', 'active'), -- James (student)

-- Geometry enrollments
('10000000-0000-0000-0000-000000000003', '30000000-0000-0000-0000-000000000002', 'active'), -- Michael (tutor)
('10000000-0000-0000-0000-000000000006', '30000000-0000-0000-0000-000000000002', 'active'), -- Olivia (student)

-- SAT Prep enrollments
('10000000-0000-0000-0000-000000000002', '30000000-0000-0000-0000-000000000003', 'active'), -- Sarah (tutor)
('10000000-0000-0000-0000-000000000004', '30000000-0000-0000-0000-000000000003', 'active'), -- Emma (student)
('10000000-0000-0000-0000-000000000005', '30000000-0000-0000-0000-000000000003', 'active'), -- James (student)
('10000000-0000-0000-0000-000000000006', '30000000-0000-0000-0000-000000000003', 'active'), -- Olivia (student)

-- Calculus AB enrollments
('20000000-0000-0000-0000-000000000002', '30000000-0000-0000-0000-000000000004', 'active'), -- Jennifer (tutor)
('20000000-0000-0000-0000-000000000003', '30000000-0000-0000-0000-000000000004', 'active'); -- David (student)

-- Insert sample availability (showing typical weekly availability patterns)
insert into availability (org_id, user_id, role, start_time, end_time, matched) values
-- Sarah's availability (tutor) - Monday to Friday afternoons
(
	'00000000-0000-0000-0000-000000000001',
	'10000000-0000-0000-0000-000000000002',
	'tutor',
	'2025-07-21 14:00:00-08',
	'2025-07-21 17:00:00-08',
	FALSE
),
(
	'00000000-0000-0000-0000-000000000001',
	'10000000-0000-0000-0000-000000000002',
	'tutor',
	'2025-07-22 14:00:00-08',
	'2025-07-22 17:00:00-08',
	FALSE
),
(
	'00000000-0000-0000-0000-000000000001',
	'10000000-0000-0000-0000-000000000002',
	'tutor',
	'2025-07-23 14:00:00-08',
	'2025-07-23 17:00:00-08',
	FALSE
),
(
	'00000000-0000-0000-0000-000000000001',
	'10000000-0000-0000-0000-000000000002',
	'tutor',
	'2025-07-24 14:00:00-08',
	'2025-07-24 17:00:00-08',
	FALSE
),
(
	'00000000-0000-0000-0000-000000000001',
	'10000000-0000-0000-0000-000000000002',
	'tutor',
	'2025-07-25 14:00:00-08',
	'2025-07-25 17:00:00-08',
	FALSE
),

-- Michael's availability (tutor) - Tuesday and Thursday evenings
(
	'00000000-0000-0000-0000-000000000001',
	'10000000-0000-0000-0000-000000000003',
	'tutor',
	'2025-07-22 18:00:00-08',
	'2025-07-22 21:00:00-08',
	FALSE
),
(
	'00000000-0000-0000-0000-000000000001',
	'10000000-0000-0000-0000-000000000003',
	'tutor',
	'2025-07-24 18:00:00-08',
	'2025-07-24 21:00:00-08',
	FALSE
),

-- Emma's availability (student) - After school weekdays
(
	'00000000-0000-0000-0000-000000000001',
	'10000000-0000-0000-0000-000000000004',
	'student',
	'2025-07-21 15:30:00-08',
	'2025-07-21 18:00:00-08',
	FALSE
),
(
	'00000000-0000-0000-0000-000000000001',
	'10000000-0000-0000-0000-000000000004',
	'student',
	'2025-07-22 15:30:00-08',
	'2025-07-22 18:00:00-08',
	FALSE
),
(
	'00000000-0000-0000-0000-000000000001',
	'10000000-0000-0000-0000-000000000004',
	'student',
	'2025-07-23 15:30:00-08',
	'2025-07-23 18:00:00-08',
	FALSE
),

-- James's availability (student) - Monday, Wednesday, Friday afternoons
(
	'00000000-0000-0000-0000-000000000001',
	'10000000-0000-0000-0000-000000000005',
	'student',
	'2025-07-21 16:00:00-08',
	'2025-07-21 19:00:00-08',
	FALSE
),
(
	'00000000-0000-0000-0000-000000000001',
	'10000000-0000-0000-0000-000000000005',
	'student',
	'2025-07-23 16:00:00-08',
	'2025-07-23 19:00:00-08',
	FALSE
),
(
	'00000000-0000-0000-0000-000000000001',
	'10000000-0000-0000-0000-000000000005',
	'student',
	'2025-07-25 16:00:00-08',
	'2025-07-25 19:00:00-08',
	FALSE
);

-- Insert sample classes
insert into classes (class_id, course_id, org_id, start_time, duration) values
(
	'40000000-0000-0000-0000-000000000001',
	'30000000-0000-0000-0000-000000000001',
	'00000000-0000-0000-0000-000000000001',
	'2025-07-21 15:30:00-08',
	90
),
(
	'40000000-0000-0000-0000-000000000002',
	'30000000-0000-0000-0000-000000000002',
	'00000000-0000-0000-0000-000000000001',
	'2025-07-22 18:30:00-08',
	60
),
(
	'40000000-0000-0000-0000-000000000003',
	'30000000-0000-0000-0000-000000000003',
	'00000000-0000-0000-0000-000000000001',
	'2025-07-23 16:00:00-08',
	120
);

-- Insert class participants
insert into class_participants (class_id, user_id, role) values
-- Algebra I class
('40000000-0000-0000-0000-000000000001', '10000000-0000-0000-0000-000000000002', 'teacher'), -- Sarah
('40000000-0000-0000-0000-000000000001', '10000000-0000-0000-0000-000000000004', 'student'), -- Emma
('40000000-0000-0000-0000-000000000001', '10000000-0000-0000-0000-000000000005', 'student'), -- James

-- Geometry class
('40000000-0000-0000-0000-000000000002', '10000000-0000-0000-0000-000000000003', 'teacher'), -- Michael
('40000000-0000-0000-0000-000000000002', '10000000-0000-0000-0000-000000000006', 'student'), -- Olivia

-- SAT Prep class
('40000000-0000-0000-0000-000000000003', '10000000-0000-0000-0000-000000000002', 'teacher'), -- Sarah
('40000000-0000-0000-0000-000000000003', '10000000-0000-0000-0000-000000000004', 'student'), -- Emma
('40000000-0000-0000-0000-000000000003', '10000000-0000-0000-0000-000000000005', 'student'); -- James

-- Insert sample trackers
insert into trackers (
	tracking_id, course_id, period_start, period_end, required_classes, scheduled_count, completed_count, status
) values
(
	'50000000-0000-0000-0000-000000000001',
	'30000000-0000-0000-0000-000000000001',
	'2025-07-01 00:00:00-08',
	'2025-07-31 23:59:59-08',
	8,
	4,
	2,
	'scheduled'
),
(
	'50000000-0000-0000-0000-000000000002',
	'30000000-0000-0000-0000-000000000002',
	'2025-07-01 00:00:00-08',
	'2025-07-31 23:59:59-08',
	4,
	2,
	1,
	'scheduled'
),
(
	'50000000-0000-0000-0000-000000000003',
	'30000000-0000-0000-0000-000000000003',
	'2025-07-01 00:00:00-08',
	'2025-07-31 23:59:59-08',
	4,
	2,
	0,
	'scheduled'
);

-- Insert tracker-class relationships
insert into tracker_classes (tracking_id, class_id, status) values
('50000000-0000-0000-0000-000000000001', '40000000-0000-0000-0000-000000000001', 'scheduled'),
('50000000-0000-0000-0000-000000000002', '40000000-0000-0000-0000-000000000002', 'scheduled'),
('50000000-0000-0000-0000-000000000003', '40000000-0000-0000-0000-000000000003', 'scheduled');

-- Insert sample class attendance (some historical data)
insert into class_attendance (class_id, user_id, role, attended, notes) values
-- Previous completed classes (simulated)
(
	'40000000-0000-0000-0000-000000000001',
	'10000000-0000-0000-0000-000000000002',
	'teacher',
	TRUE,
	'Great engagement from students'
),
(
	'40000000-0000-0000-0000-000000000001',
	'10000000-0000-0000-0000-000000000004',
	'student',
	TRUE,
	'Participated actively'
),
(
	'40000000-0000-0000-0000-000000000001',
	'10000000-0000-0000-0000-000000000005',
	'student',
	TRUE,
	'Good progress on homework'
),

(
	'40000000-0000-0000-0000-000000000002',
	'10000000-0000-0000-0000-000000000003',
	'teacher',
	TRUE,
	'Covered geometric proofs'
),
(
	'40000000-0000-0000-0000-000000000002',
	'10000000-0000-0000-0000-000000000006',
	'student',
	TRUE,
	'Understood the concepts well'
);
